popit_id,name_en,name_sl,parent_org_id,parent_org_en,parent_org_sl,classification_en,classification_sl,geographic_area,description,start_date,end_date,image,contact,links
 Autofilled,XYZ Corporation,, Autofilled,,,Private Company,,,,,,,,
 Autofilled,OrganisationX,, Autofilled,,,Private Company,,,,,,,,
 Autofilled,OrganisationX BOD,, Autofilled,OrganisationX,,Private Company,,,,,,,,
 Autofilled,OrganisationX Management,, Autofilled,OrganisationX,,Private Company,,,,,,,,
,,,,,,,,,,,,,,
 Autofilled,Department of Statistics,, Autofilled,,,Government Department,,,,,,,,
 Autofilled,Technical Development and Social Programme,, Autofilled,Department of Statistics,,Government sub-department,,,,,,,,
 Autofilled,Corporate Management Programme,, Autofilled,Department of Statistics,,Government sub-department,,,,,,,,
 Autofilled,Economic Programme,, Autofilled,Department of Statistics,,Government sub-department,,,,,,,,
,,,,,,,,,,,,,,
 Autofilled,House of Representatives,, Autofilled,,,Committee,,,,,,,,
 Autofilled,Public Accounts Committee,, Autofilled,House of Representatives,,Committee,,,,,,,,
 Autofilled,House Committee,, Autofilled,House of Representatives,,Committee,,,,,,,,
